timestamp,noise_db,status,event
2026-09-23 21:02:16,0.0,INFO,Monitoring started
2026-09-23 21:03:15,0.0,INFO,Monitoring stopped
2026-09-23 21:04:09,0.0,INFO,Monitoring started
2026-09-23 21:04:18,0.0,INFO,Monitoring stopped
2026-09-23 21:09:07,0.0,INFO,Monitoring started
2026-09-23 21:09:12,0.0,INFO,Monitoring stopped
2026-09-24 14:25:25,0.0,INFO,Monitoring started
2026-09-24 14:25:32,0.0,INFO,Monitoring stopped
2026-09-24 14:25:34,0.0,INFO,Monitoring started
2026-09-24 14:25:47,0.0,INFO,Monitoring stopped
2026-09-24 14:26:13,0.0,INFO,Monitoring started
2026-09-24 14:28:54,0.0,INFO,Monitoring started
2026-09-24 14:29:15,0.0,INFO,Monitoring stopped
2026-09-24 14:29:21,0.0,INFO,Monitoring started
2026-09-24 14:29:25,0.0,INFO,Monitoring stopped
2026-09-24 14:29:28,0.0,INFO,Monitoring started
2026-09-24 14:29:30,0.0,INFO,Monitoring stopped
2026-09-24 14:29:31,0.0,INFO,Monitoring started
2026-09-24 14:29:36,0.0,INFO,Monitoring stopped
2026-09-24 14:42:13,0.0,INFO,Monitoring started
2026-09-24 14:45:27,0.0,INFO,Monitoring stopped
2026-09-24 19:03:41,0.0,INFO,Monitoring started
2026-09-24 19:03:53,0.0,INFO,Monitoring stopped
2026-09-24 19:20:59,0.0,INFO,Monitoring started
2026-09-24 19:32:24,0.0,INFO,Monitoring stopped
2026-09-24 19:45:55,0.0,INFO,Monitoring started
2026-09-24 19:45:55,0.0,QUIET,Status changed
2026-09-24 19:45:56,56.2,MODERATE,Status changed
2026-09-24 19:45:56,23.4,QUIET,Status changed
2026-09-24 19:45:57,51.8,MODERATE,Status changed
2026-09-24 19:45:57,21.0,QUIET,Status changed
2026-09-24 19:45:59,64.8,NOISY,Status changed
2026-09-24 19:45:59,58.8,MODERATE,Status changed
2026-09-24 19:45:59,65.0,NOISY,Status changed
2026-09-24 19:45:59,37.7,QUIET,Status changed
2026-09-24 19:46:04,47.1,MODERATE,Status changed
2026-09-24 19:46:04,39.3,QUIET,Status changed
2026-09-24 19:46:09,45.4,MODERATE,Status changed
2026-09-24 19:46:09,38.9,QUIET,Status changed
2026-09-24 19:46:49,46.7,MODERATE,Status changed
2026-09-24 19:46:49,38.9,QUIET,Status changed
2026-09-24 19:46:50,48.7,MODERATE,Status changed
2026-09-24 19:46:50,17.6,QUIET,Status changed
2026-09-24 19:46:50,0.0,INFO,Monitoring stopped
2026-09-24 19:49:23,0.0,INFO,Monitoring started
2026-09-24 19:49:23,0.0,QUIET,Status changed
2026-09-24 19:49:24,59.2,MODERATE,Status changed
2026-09-24 19:49:24,44.7,QUIET,Status changed
2026-09-24 19:49:24,62.2,NOISY,Status changed
2026-09-24 19:49:24,46.9,MODERATE,Status changed
2026-09-24 19:49:24,22.6,QUIET,Status changed
2026-09-24 19:49:24,50.7,MODERATE,Status changed
2026-09-24 19:49:25,18.4,QUIET,Status changed
2026-09-24 19:49:25,69.2,NOISY,Status changed
2026-09-24 19:49:26,36.4,QUIET,Status changed
2026-09-24 19:49:26,61.5,NOISY,Status changed
2026-09-24 19:49:26,42.2,QUIET,Status changed
2026-09-24 19:49:27,45.7,MODERATE,Status changed
2026-09-24 19:49:27,36.2,QUIET,Status changed
2026-09-24 19:49:28,45.9,MODERATE,Status changed
2026-09-24 19:49:28,66.2,NOISY,Status changed
2026-09-24 19:49:28,50.2,MODERATE,Status changed
2026-09-24 19:49:28,39.6,QUIET,Status changed
2026-09-24 19:49:29,46.7,MODERATE,Status changed
2026-09-24 19:49:29,34.3,QUIET,Status changed
2026-09-24 19:49:31,45.2,MODERATE,Status changed
2026-09-24 19:49:32,39.6,QUIET,Status changed
2026-09-24 19:49:33,45.9,MODERATE,Status changed
2026-09-24 19:49:33,38.2,QUIET,Status changed
2026-09-24 19:49:34,53.7,MODERATE,Status changed
2026-09-24 19:49:35,41.5,QUIET,Status changed
2026-09-24 19:49:36,45.2,MODERATE,Status changed
2026-09-24 19:49:36,31.1,QUIET,Status changed
2026-09-24 19:49:40,61.3,NOISY,Status changed
2026-09-24 19:49:41,59.6,MODERATE,Status changed
2026-09-24 19:49:41,61.3,NOISY,Status changed
2026-09-24 19:49:43,58.4,MODERATE,Status changed
2026-09-24 19:49:43,40.1,QUIET,Status changed
2026-09-24 19:49:55,45.5,MODERATE,Status changed
2026-09-24 19:49:55,35.8,QUIET,Status changed
2026-09-24 19:49:58,0.0,INFO,Monitoring stopped
2026-09-24 20:58:46,0.0,INFO,Monitoring started
2026-09-24 20:58:47,0.0,QUIET,Status changed
2026-09-24 20:58:48,46.1,MODERATE,Status changed
2026-09-24 20:58:49,42.5,QUIET,Status changed
2026-09-24 20:58:49,46.1,MODERATE,Status changed
2026-09-24 20:58:50,44.3,QUIET,Status changed
2026-09-24 20:58:50,45.2,MODERATE,Status changed
2026-09-24 20:58:50,28.7,QUIET,Status changed
2026-09-24 20:58:54,50.8,MODERATE,Status changed
2026-09-24 20:58:54,36.3,QUIET,Status changed
2026-09-24 20:58:58,49.6,MODERATE,Status changed
2026-09-24 20:58:58,42.9,QUIET,Status changed
2026-09-24 20:59:06,45.5,MODERATE,Status changed
2026-09-24 20:59:06,44.7,QUIET,Status changed
2026-09-24 20:59:06,48.7,MODERATE,Status changed
2026-09-24 20:59:06,44.5,QUIET,Status changed
2026-09-24 20:59:08,46.1,MODERATE,Status changed
2026-09-24 20:59:08,38.4,QUIET,Status changed
2026-09-24 20:59:09,46.4,MODERATE,Status changed
2026-09-24 20:59:10,44.9,QUIET,Status changed
2026-09-24 20:59:12,46.6,MODERATE,Status changed
2026-09-24 20:59:13,42.9,QUIET,Status changed
2026-09-24 20:59:14,48.2,MODERATE,Status changed
2026-09-24 20:59:14,35.7,QUIET,Status changed
2026-09-24 20:59:15,47.6,MODERATE,Status changed
2026-09-24 20:59:15,35.6,QUIET,Status changed
2026-09-24 20:59:19,50.6,MODERATE,Status changed
2026-09-24 20:59:19,17.1,QUIET,Status changed
2026-09-24 20:59:22,46.3,MODERATE,Status changed
2026-09-24 20:59:22,22.5,QUIET,Status changed
2026-09-24 20:59:28,51.1,MODERATE,Status changed
2026-09-24 20:59:28,74.0,NOISY,Status changed
2026-09-24 20:59:28,55.1,MODERATE,Status changed
2026-09-24 20:59:29,43.0,QUIET,Status changed
2026-09-24 20:59:30,70.9,NOISY,Status changed
2026-09-24 20:59:30,48.8,MODERATE,Status changed
2026-09-24 20:59:30,39.6,QUIET,Status changed
2026-09-24 20:59:30,45.0,MODERATE,Status changed
2026-09-24 20:59:31,35.7,QUIET,Status changed
2026-09-24 20:59:31,47.6,MODERATE,Status changed
2026-09-24 20:59:31,17.6,QUIET,Status changed
2026-09-24 20:59:34,46.0,MODERATE,Status changed
2026-09-24 20:59:35,36.0,QUIET,Status changed
2026-09-24 20:59:35,65.1,NOISY,Status changed
2026-09-24 20:59:36,29.9,QUIET,Status changed
2026-09-24 20:59:36,52.9,MODERATE,Status changed
2026-09-24 20:59:37,42.4,QUIET,Status changed
2026-09-24 20:59:39,46.0,MODERATE,Status changed
2026-09-24 20:59:40,44.1,QUIET,Status changed
2026-09-24 20:59:42,48.6,MODERATE,Status changed
2026-09-24 20:59:43,43.8,QUIET,Status changed
2026-09-24 20:59:43,48.4,MODERATE,Status changed
2026-09-24 20:59:43,43.8,QUIET,Status changed
2026-09-24 20:59:43,49.1,MODERATE,Status changed
2026-09-24 20:59:43,40.7,QUIET,Status changed
2026-09-24 20:59:43,47.3,MODERATE,Status changed
2026-09-24 20:59:43,18.6,QUIET,Status changed
2026-09-24 20:59:44,45.3,MODERATE,Status changed
2026-09-24 20:59:44,40.4,QUIET,Status changed
2026-09-24 20:59:55,48.7,MODERATE,Status changed
2026-09-24 20:59:55,29.0,QUIET,Status changed
2026-09-24 20:59:56,45.9,MODERATE,Status changed
2026-09-24 20:59:56,34.0,QUIET,Status changed
2026-09-24 20:59:56,45.3,MODERATE,Status changed
2026-09-24 20:59:56,24.6,QUIET,Status changed
2026-09-24 20:59:59,49.0,MODERATE,Status changed
2026-09-24 21:00:00,23.3,QUIET,Status changed
2026-09-24 21:00:01,49.2,MODERATE,Status changed
2026-09-24 21:00:01,40.6,QUIET,Status changed
2026-09-24 21:00:02,45.8,MODERATE,Status changed
2026-09-24 21:00:02,44.7,QUIET,Status changed
2026-09-24 21:00:02,48.0,MODERATE,Status changed
2026-09-24 21:00:02,44.6,QUIET,Status changed
2026-09-24 21:00:03,47.6,MODERATE,Status changed
2026-09-24 21:00:03,44.8,QUIET,Status changed
2026-09-24 21:00:03,47.8,MODERATE,Status changed
2026-09-24 21:00:03,39.1,QUIET,Status changed
2026-09-24 21:00:03,46.6,MODERATE,Status changed
2026-09-24 21:00:03,33.4,QUIET,Status changed
2026-09-24 21:00:03,46.7,MODERATE,Status changed
2026-09-24 21:00:04,42.2,QUIET,Status changed
2026-09-24 21:00:04,51.4,MODERATE,Status changed
2026-09-24 21:00:05,39.8,QUIET,Status changed
2026-09-24 21:00:05,49.5,MODERATE,Status changed
2026-09-24 21:00:06,40.6,QUIET,Status changed
2026-09-24 21:00:08,47.5,MODERATE,Status changed
2026-09-24 21:00:09,40.9,QUIET,Status changed
2026-09-24 21:00:10,52.6,MODERATE,Status changed
2026-09-24 21:00:10,18.1,QUIET,Status changed
2026-09-24 21:00:11,49.7,MODERATE,Status changed
2026-09-24 21:00:11,38.9,QUIET,Status changed
2026-09-24 21:00:11,48.0,MODERATE,Status changed
2026-09-24 21:00:11,38.1,QUIET,Status changed
2026-09-24 21:00:14,45.9,MODERATE,Status changed
2026-09-24 21:00:14,34.7,QUIET,Status changed
2026-09-24 21:00:15,45.1,MODERATE,Status changed
2026-09-24 21:00:15,30.1,QUIET,Status changed
2026-09-24 21:00:17,53.7,MODERATE,Status changed
2026-09-24 21:00:17,44.6,QUIET,Status changed
2026-09-24 21:00:17,54.5,MODERATE,Status changed
2026-09-24 21:00:18,37.7,QUIET,Status changed
2026-09-24 21:00:18,47.8,MODERATE,Status changed
2026-09-24 21:00:19,38.7,QUIET,Status changed
2026-09-24 21:00:19,48.3,MODERATE,Status changed
2026-09-24 21:00:20,44.7,QUIET,Status changed
2026-09-24 21:00:20,46.1,MODERATE,Status changed
2026-09-24 21:00:20,40.3,QUIET,Status changed
2026-09-24 21:00:20,56.8,MODERATE,Status changed
2026-09-24 21:00:20,41.7,QUIET,Status changed
2026-09-24 21:00:20,54.5,MODERATE,Status changed
2026-09-24 21:00:21,38.7,QUIET,Status changed
2026-09-24 21:00:21,56.9,MODERATE,Status changed
2026-09-24 21:00:21,40.0,QUIET,Status changed
2026-09-24 21:00:22,46.9,MODERATE,Status changed
2026-09-24 21:00:22,44.9,QUIET,Status changed
2026-09-24 21:00:22,49.4,MODERATE,Status changed
2026-09-24 21:00:22,27.1,QUIET,Status changed
2026-09-24 21:00:23,45.2,MODERATE,Status changed
2026-09-24 21:00:23,14.8,QUIET,Status changed
2026-09-24 21:00:23,50.2,MODERATE,Status changed
2026-09-24 21:00:23,41.5,QUIET,Status changed
2026-09-24 21:00:24,55.7,MODERATE,Status changed
2026-09-24 21:00:25,38.5,QUIET,Status changed
2026-09-24 21:00:25,57.3,MODERATE,Status changed
2026-09-24 21:00:26,61.5,NOISY,Status changed
2026-09-24 21:00:26,55.5,MODERATE,Status changed
2026-09-24 21:00:26,37.7,QUIET,Status changed
2026-09-24 21:00:26,52.0,MODERATE,Status changed
2026-09-24 21:00:27,61.1,NOISY,Status changed
2026-09-24 21:00:27,52.1,MODERATE,Status changed
2026-09-24 21:00:27,35.9,QUIET,Status changed
2026-09-24 21:00:28,49.0,MODERATE,Status changed
2026-09-24 21:00:28,65.6,NOISY,Status changed
2026-09-24 21:00:28,56.5,MODERATE,Status changed
2026-09-24 21:00:28,65.8,NOISY,Status changed
2026-09-24 21:00:28,54.7,MODERATE,Status changed
2026-09-24 21:00:29,32.5,QUIET,Status changed
2026-09-24 21:00:29,46.3,MODERATE,Status changed
2026-09-24 21:00:29,39.9,QUIET,Status changed
2026-09-24 21:00:31,45.6,MODERATE,Status changed
2026-09-24 21:00:31,34.8,QUIET,Status changed
2026-09-24 21:00:32,47.8,MODERATE,Status changed
2026-09-24 21:00:33,38.4,QUIET,Status changed
2026-09-24 21:00:33,60.6,NOISY,Status changed
2026-09-24 21:00:33,48.2,MODERATE,Status changed
2026-09-24 21:00:33,32.7,QUIET,Status changed
2026-09-24 21:00:33,56.3,MODERATE,Status changed
2026-09-24 21:00:33,42.5,QUIET,Status changed
2026-09-24 21:00:34,48.9,MODERATE,Status changed
2026-09-24 21:00:34,39.9,QUIET,Status changed
2026-09-24 21:00:34,53.9,MODERATE,Status changed
2026-09-24 21:00:35,43.0,QUIET,Status changed
2026-09-24 21:00:35,56.5,MODERATE,Status changed
2026-09-24 21:00:35,39.3,QUIET,Status changed
2026-09-24 21:00:35,55.5,MODERATE,Status changed
2026-09-24 21:00:35,39.6,QUIET,Status changed
2026-09-24 21:00:36,48.3,MODERATE,Status changed
2026-09-24 21:00:36,44.9,QUIET,Status changed
2026-09-24 21:00:36,46.2,MODERATE,Status changed
2026-09-24 21:00:36,44.2,QUIET,Status changed
2026-09-24 21:00:36,46.2,MODERATE,Status changed
2026-09-24 21:00:36,40.7,QUIET,Status changed
2026-09-24 21:00:37,45.7,MODERATE,Status changed
2026-09-24 21:00:37,36.0,QUIET,Status changed
2026-09-24 21:00:37,47.3,MODERATE,Status changed
2026-09-24 21:00:38,43.5,QUIET,Status changed
2026-09-24 21:00:38,56.0,MODERATE,Status changed
2026-09-24 21:00:38,42.8,QUIET,Status changed
2026-09-24 21:00:38,58.5,MODERATE,Status changed
2026-09-24 21:00:38,43.0,QUIET,Status changed
2026-09-24 21:00:38,53.3,MODERATE,Status changed
2026-09-24 21:00:39,44.7,QUIET,Status changed
2026-09-24 21:00:39,53.9,MODERATE,Status changed
2026-09-24 21:00:39,37.3,QUIET,Status changed
2026-09-24 21:00:39,47.5,MODERATE,Status changed
2026-09-24 21:00:39,41.3,QUIET,Status changed
2026-09-24 21:00:40,45.3,MODERATE,Status changed
2026-09-24 21:00:40,41.1,QUIET,Status changed
2026-09-24 21:00:48,51.3,MODERATE,Status changed
2026-09-24 21:00:48,32.4,QUIET,Status changed
2026-09-24 21:00:50,60.6,NOISY,Status changed
2026-09-24 21:00:51,49.8,MODERATE,Status changed
2026-09-24 21:00:51,18.1,QUIET,Status changed
2026-09-24 21:00:55,49.7,MODERATE,Status changed
2026-09-24 21:00:55,22.2,QUIET,Status changed
2026-09-24 21:00:55,50.0,MODERATE,Status changed
2026-09-24 21:00:55,30.0,QUIET,Status changed
2026-09-24 21:01:02,46.7,MODERATE,Status changed
2026-09-24 21:01:02,38.2,QUIET,Status changed
2026-09-24 21:01:04,65.4,NOISY,Status changed
2026-09-24 21:01:04,56.7,MODERATE,Status changed
2026-09-24 21:01:04,31.8,QUIET,Status changed
2026-09-24 21:01:11,59.9,MODERATE,Status changed
2026-09-24 21:01:11,66.9,NOISY,Status changed
2026-09-24 21:01:11,43.4,QUIET,Status changed
2026-09-24 21:01:12,45.5,MODERATE,Status changed
2026-09-24 21:01:12,40.2,QUIET,Status changed
2026-09-24 21:01:12,45.1,MODERATE,Status changed
2026-09-24 21:01:12,32.1,QUIET,Status changed
2026-09-24 21:01:12,56.7,MODERATE,Status changed
2026-09-24 21:01:13,38.5,QUIET,Status changed
2026-09-24 21:01:13,46.0,MODERATE,Status changed
2026-09-24 21:01:13,41.8,QUIET,Status changed
2026-09-24 21:01:15,45.7,MODERATE,Status changed
2026-09-24 21:01:15,37.9,QUIET,Status changed
2026-09-24 21:01:15,45.5,MODERATE,Status changed
2026-09-24 21:01:15,19.1,QUIET,Status changed
2026-09-24 21:01:16,46.7,MODERATE,Status changed
2026-09-24 21:01:16,28.7,QUIET,Status changed
2026-09-24 21:01:17,51.5,MODERATE,Status changed
2026-09-24 21:01:17,33.6,QUIET,Status changed
2026-09-24 21:01:17,50.8,MODERATE,Status changed
2026-09-24 21:01:18,43.1,QUIET,Status changed
2026-09-24 21:01:18,45.4,MODERATE,Status changed
2026-09-24 21:01:18,43.1,QUIET,Status changed
2026-09-24 21:01:18,53.7,MODERATE,Status changed
2026-09-24 21:01:18,44.3,QUIET,Status changed
2026-09-24 21:01:21,48.7,MODERATE,Status changed
2026-09-24 21:01:23,41.3,QUIET,Status changed
2026-09-24 21:01:23,54.0,MODERATE,Status changed
2026-09-24 21:01:23,39.6,QUIET,Status changed
2026-09-24 21:01:23,54.7,MODERATE,Status changed
2026-09-24 21:01:23,41.0,QUIET,Status changed
2026-09-24 21:01:24,47.0,MODERATE,Status changed
2026-09-24 21:01:24,32.2,QUIET,Status changed
2026-09-24 21:01:25,48.0,MODERATE,Status changed
2026-09-24 21:01:25,43.6,QUIET,Status changed
2026-09-24 21:01:25,45.7,MODERATE,Status changed
2026-09-24 21:01:25,44.5,QUIET,Status changed
2026-09-24 21:01:26,50.2,MODERATE,Status changed
2026-09-24 21:01:26,36.7,QUIET,Status changed
2026-09-24 21:01:27,55.4,MODERATE,Status changed
2026-09-24 21:01:27,42.1,QUIET,Status changed
2026-09-24 21:01:27,54.5,MODERATE,Status changed
2026-09-24 21:01:27,41.4,QUIET,Status changed
2026-09-24 21:01:27,48.6,MODERATE,Status changed
2026-09-24 21:01:27,39.9,QUIET,Status changed
2026-09-24 21:01:27,50.2,MODERATE,Status changed
2026-09-24 21:01:27,42.8,QUIET,Status changed
2026-09-24 21:01:29,53.1,MODERATE,Status changed
2026-09-24 21:01:29,40.7,QUIET,Status changed
2026-09-24 21:01:29,48.5,MODERATE,Status changed
2026-09-24 21:01:29,39.1,QUIET,Status changed
2026-09-24 21:01:31,48.4,MODERATE,Status changed
2026-09-24 21:01:31,41.1,QUIET,Status changed
2026-09-24 21:01:31,49.3,MODERATE,Status changed
2026-09-24 21:01:32,36.0,QUIET,Status changed
2026-09-24 21:01:32,46.4,MODERATE,Status changed
2026-09-24 21:01:33,43.3,QUIET,Status changed
2026-09-24 21:01:33,49.3,MODERATE,Status changed
2026-09-24 21:01:33,31.8,QUIET,Status changed
2026-09-24 21:01:33,50.7,MODERATE,Status changed
2026-09-24 21:01:33,26.9,QUIET,Status changed
2026-09-24 21:01:33,51.1,MODERATE,Status changed
2026-09-24 21:01:34,43.9,QUIET,Status changed
2026-09-24 21:01:34,48.9,MODERATE,Status changed
2026-09-24 21:01:34,39.5,QUIET,Status changed
2026-09-24 21:01:35,45.1,MODERATE,Status changed
2026-09-24 21:01:35,27.7,QUIET,Status changed
2026-09-24 21:01:37,49.1,MODERATE,Status changed
2026-09-24 21:01:37,30.4,QUIET,Status changed
2026-09-24 21:01:38,45.8,MODERATE,Status changed
2026-09-24 21:01:38,42.8,QUIET,Status changed
2026-09-24 21:01:41,53.0,MODERATE,Status changed
2026-09-24 21:01:41,38.7,QUIET,Status changed
2026-09-24 21:01:43,45.9,MODERATE,Status changed
2026-09-24 21:01:43,28.2,QUIET,Status changed
2026-09-24 21:01:48,56.9,MODERATE,Status changed
2026-09-24 21:01:48,28.7,QUIET,Status changed
2026-09-24 21:01:48,47.8,MODERATE,Status changed
2026-09-24 21:01:48,44.4,QUIET,Status changed
2026-09-24 21:01:50,51.1,MODERATE,Status changed
2026-09-24 21:01:50,25.1,QUIET,Status changed
2026-09-24 21:01:51,49.6,MODERATE,Status changed
2026-09-24 21:01:51,24.8,QUIET,Status changed
2026-09-24 21:01:59,50.8,MODERATE,Status changed
2026-09-24 21:01:59,28.4,QUIET,Status changed
2026-09-24 21:01:59,46.9,MODERATE,Status changed
2026-09-24 21:01:59,34.6,QUIET,Status changed
2026-09-24 21:02:00,46.9,MODERATE,Status changed
2026-09-24 21:02:00,44.8,QUIET,Status changed
2026-09-24 21:02:00,48.9,MODERATE,Status changed
2026-09-24 21:02:00,41.7,QUIET,Status changed
2026-09-24 21:02:00,48.5,MODERATE,Status changed
2026-09-24 21:02:01,44.9,QUIET,Status changed
2026-09-24 21:02:01,46.8,MODERATE,Status changed
2026-09-24 21:02:01,42.3,QUIET,Status changed
2026-09-24 21:02:01,46.1,MODERATE,Status changed
2026-09-24 21:02:02,43.0,QUIET,Status changed
2026-09-24 21:02:04,49.0,MODERATE,Status changed
2026-09-24 21:02:04,43.6,QUIET,Status changed
2026-09-24 21:02:05,48.4,MODERATE,Status changed
2026-09-24 21:02:05,42.0,QUIET,Status changed
2026-09-24 21:02:06,60.3,NOISY,Status changed
2026-09-24 21:02:06,59.9,MODERATE,Status changed
2026-09-24 21:02:06,68.4,NOISY,Status changed
2026-09-24 21:02:09,55.1,MODERATE,Status changed
2026-09-24 21:02:09,36.9,QUIET,Status changed
2026-09-24 21:02:09,50.0,MODERATE,Status changed
2026-09-24 21:02:09,43.4,QUIET,Status changed
2026-09-24 21:02:13,51.5,MODERATE,Status changed
2026-09-24 21:02:13,13.1,QUIET,Status changed
2026-09-24 21:02:15,45.7,MODERATE,Status changed
2026-09-24 21:02:15,32.5,QUIET,Status changed
2026-09-24 21:02:15,47.8,MODERATE,Status changed
2026-09-24 21:02:15,21.8,QUIET,Status changed
2026-09-24 21:02:19,46.5,MODERATE,Status changed
2026-09-24 21:02:19,44.7,QUIET,Status changed
2026-09-24 21:02:19,51.4,MODERATE,Status changed
2026-09-24 21:02:19,37.7,QUIET,Status changed
2026-09-24 21:02:25,47.6,MODERATE,Status changed
2026-09-24 21:02:25,40.8,QUIET,Status changed
2026-09-24 21:02:25,50.1,MODERATE,Status changed
2026-09-24 21:02:25,26.4,QUIET,Status changed
2026-09-24 21:02:25,48.2,MODERATE,Status changed
2026-09-24 21:02:26,37.5,QUIET,Status changed
2026-09-24 21:02:30,0.0,INFO,Monitoring stopped
2026-09-24 21:53:34,0.0,INFO,Monitoring started
2026-09-24 21:53:34,0.0,QUIET,Status changed
2026-09-24 21:54:13,0.0,INFO,Monitoring stopped
2026-09-24 22:07:13,0.0,INFO,Monitoring started
2026-09-24 22:07:13,0.0,QUIET,Status changed
2026-09-24 22:08:05,0.0,INFO,Monitoring stopped
2026-09-24 22:09:01,0.0,INFO,Monitoring started
2026-09-24 22:09:02,8.0,MODERATE,Status changed
2026-09-24 22:09:02,12.9,NOISY,Status changed
2026-09-24 22:09:04,27.5,NOISY,ALERT
2026-09-24 22:09:09,15.7,NOISY,ALERT
2026-09-24 22:09:12,9.7,MODERATE,Status changed
2026-09-24 22:09:12,13.8,NOISY,Status changed
2026-09-24 22:09:14,12.6,NOISY,ALERT
2026-09-24 22:09:19,27.6,NOISY,ALERT
2026-09-24 22:09:22,9.8,MODERATE,Status changed
2026-09-24 22:09:22,13.1,NOISY,Status changed
2026-09-24 22:09:23,9.9,MODERATE,Status changed
2026-09-24 22:09:23,14.4,NOISY,Status changed
2026-09-24 22:09:25,14.3,NOISY,ALERT
2026-09-24 22:09:27,9.2,MODERATE,Status changed
2026-09-24 22:09:28,12.2,NOISY,Status changed
2026-09-24 22:09:28,0.0,INFO,Monitoring stopped
2026-09-24 22:29:27,0.0,INFO,Monitoring started
2026-09-24 22:29:27,0.0,QUIET,Status changed
2026-09-24 22:29:27,10.2,NOISY,Status changed
2026-09-24 22:29:29,14.8,NOISY,ALERT
2026-09-24 22:30:01,0.0,INFO,Monitoring stopped
2026-09-24 22:30:24,0.0,INFO,Monitoring started
2026-09-24 22:30:24,0.0,QUIET,Status changed
2026-09-24 22:30:28,0.0,INFO,Monitoring stopped
2026-09-24 22:30:31,0.0,INFO,Monitoring started
2026-09-24 22:30:33,0.0,INFO,Monitoring stopped
2026-09-24 22:30:34,0.0,INFO,Monitoring started
2026-09-24 22:31:06,0.0,INFO,Monitoring stopped
2026-09-24 22:31:49,0.0,INFO,Monitoring started
2026-09-24 22:31:51,0.0,INFO,Monitoring stopped
2026-09-24 22:31:52,0.0,INFO,Monitoring started
2026-09-24 22:31:55,0.0,INFO,Monitoring stopped
2026-09-24 22:31:56,0.0,INFO,Monitoring started
2026-09-24 22:31:57,0.0,INFO,Monitoring stopped
2026-09-24 22:32:00,0.0,INFO,Monitoring started
2026-09-24 22:34:23,0.0,INFO,Monitoring stopped
2026-09-24 22:34:32,0.0,INFO,Monitoring started
2026-09-24 22:34:38,0.0,INFO,Monitoring stopped
2026-09-24 22:34:40,0.0,INFO,Monitoring started
2026-09-24 22:34:43,0.0,INFO,Monitoring stopped
2026-09-24 22:34:47,0.0,INFO,Monitoring started
2026-09-24 22:34:54,0.0,INFO,Monitoring stopped
2026-09-24 22:34:55,0.0,INFO,Monitoring started
2026-09-24 22:39:23,0.0,INFO,Monitoring stopped
2026-09-24 22:39:45,0.0,INFO,Monitoring started
2026-09-24 22:39:45,0.0,QUIET,Status changed
2026-09-24 22:39:45,10.2,NOISY,Status changed
2026-09-24 22:39:47,12.6,NOISY,ALERT
2026-09-24 22:39:51,0.0,INFO,Monitoring stopped
2026-09-24 22:39:52,0.0,INFO,Monitoring started
2026-09-24 22:39:52,0.0,QUIET,Status changed
2026-09-24 22:39:53,12.4,NOISY,Status changed
2026-09-24 22:39:54,9.3,MODERATE,Status changed
2026-09-24 22:39:54,11.7,NOISY,Status changed
2026-09-24 22:39:56,39.0,NOISY,ALERT
2026-09-24 22:39:58,0.0,INFO,Monitoring stopped
2026-09-25 11:17:41,0.0,INFO,Monitoring started
2026-09-25 11:17:41,0.0,QUIET,Status changed
2026-09-25 11:17:42,18.6,NOISY,Status changed
2026-09-25 11:17:44,46.9,NOISY,ALERT
2026-09-25 11:18:17,0.0,INFO,Monitoring stopped
2026-09-25 14:12:23,0.0,INFO,Monitoring started
2026-09-25 14:12:23,0.0,QUIET,Status changed
2026-09-25 14:12:23,16.7,NOISY,Status changed
2026-09-25 14:12:25,17.1,NOISY,ALERT
2026-09-25 14:12:42,0.0,INFO,Monitoring stopped
